x1,x2,x3,x4,x5,x6,x7,x8,x9,x10,x11,x12,x13,x14,x15,x16,x17,x18,x19,x20,x21,x22,x23,x24,x25,x26,x27,x28,x29,x30,x31,x32,x33,x34,x35,x36,x37,x38,x39,x40,x41,x42,x43,x44,x45,x46,x47,x48,x49,x50,x51,x52,x53,x54,x55,x56,x57,x58,x59,x60,x61,x62,x63,x64,x65,x66,x67,x68,x69,x70,x71,x72,x73,x74,x75,x76,x77,x78,x79,x80,x81,x82,x83,x84,x85,x86,x87,x88,x89,x90,x91,x92,x93,x94,x95,x96,x97,x98,x99,x100
0.454,0.454,0.454,0.454,0.453,0.453,0.453,0.453,0.453,0.452,0.452,0.452,0.452,0.452,0.452,0.452,0.452,0.452,0.452,0.452,0.453,0.453,0.453,0.453,0.453,0.452,0.452,0.452,0.452,0.452,0.452,0.453,0.454,0.454,0.454,0.454,0.455,0.455,0.456,0.456,0.456,0.456,0.456,0.456,0.456,0.456,0.456,0.457,0.457,0.457,0.457,0.457,0.457,0.457,0.457,0.457,0.457,0.457,0.457,0.457,0.457,0.457,0.457,0.457,0.457,0.457,0.457,0.457,0.457,0.457,0.457,0.457,0.457,0.457,0.457,0.457,0.457,0.457,0.457,0.457,0.457,0.457,0.457,0.457,0.457,0.456,0.456,0.456,0.456,0.456,0.456,0.456,0.456,0.456,0.456,0.456,0.456,0.456,0.456,0.456
0.474,0.474,0.474,0.474,0.474,0.474,0.474,0.474,0.474,0.474,0.474,0.474,0.474,0.474,0.474,0.474,0.474,0.474,0.475,0.474,0.474,0.474,0.473,0.473,0.473,0.473,0.473,0.472,0.471,0.471,0.471,0.471,0.47,0.47,0.47,0.47,0.47,0.47,0.47,0.47,0.47,0.47,0.47,0.471,0.471,0.471,0.471,0.471,0.471,0.471,0.471,0.471,0.471,0.471,0.471,0.471,0.471,0.471,0.471,0.471,0.471,0.471,0.471,0.471,0.471,0.471,0.471,0.471,0.471,0.471,0.471,0.471,0.471,0.471,0.471,0.471,0.471,0.471,0.471,0.471,0.471,0.471,0.471,0.47,0.47,0.47,0.47,0.47,0.47,0.47,0.47,0.47,0.47,0.47,0.47,0.47,0.47,0.47,0.47,0.47
0.502,0.502,0.501,0.501,0.501,0.501,0.501,0.501,0.501,0.5,0.5,0.5,0.5,0.5,0.5,0.5,0.501,0.501,0.501,0.501,0.501,0.501,0.502,0.501,0.501,0.501,0.501,0.501,0.502,0.502,0.502,0.502,0.502,0.502,0.502,0.502,0.502,0.503,0.503,0.503,0.504,0.505,0.505,0.505,0.504,0.504,0.504,0.504,0.504,0.504,0.504,0.504,0.504,0.504,0.504,0.504,0.504,0.504,0.504,0.504,0.504,0.504,0.504,0.504,0.504,0.504,0.505,0.505,0.505,0.505,0.505,0.505,0.505,0.505,0.505,0.505,0.505,0.505,0.505,0.505,0.505,0.505,0.505,0.505,0.505,0.505,0.505,0.505,0.505,0.505,0.505,0.505,0.505,0.505,0.505,0.505,0.505,0.505,0.505,0.505
0.48,0.479,0.479,0.48,0.48,0.48,0.48,0.48,0.48,0.48,0.48,0.481,0.481,0.48,0.48,0.48,0.48,0.48,0.48,0.48,0.48,0.48,0.48,0.48,0.48,0.48,0.48,0.48,0.479,0.479,0.479,0.478,0.478,0.478,0.477,0.477,0.477,0.477,0.476,0.477,0.477,0.478,0.479,0.479,0.479,0.479,0.479,0.479,0.479,0.479,0.479,0.479,0.479,0.479,0.479,0.479,0.479,0.479,0.479,0.48,0.48,0.48,0.48,0.48,0.48,0.48,0.48,0.48,0.48,0.48,0.48,0.48,0.48,0.48,0.48,0.48,0.48,0.48,0.48,0.48,0.48,0.48,0.48,0.48,0.48,0.48,0.48,0.48,0.48,0.48,0.48,0.48,0.48,0.48,0.48,0.48,0.48,0.48,0.48,0.48
0.489,0.489,0.49,0.491,0.491,0.491,0.491,0.491,0.491,0.491,0.49,0.49,0.49,0.489,0.489,0.488,0.488,0.488,0.488,0.489,0.489,0.49,0.49,0.49,0.49,0.489,0.489,0.49,0.491,0.491,0.491,0.491,0.492,0.492,0.492,0.492,0.492,0.492,0.492,0.492,0.492,0.492,0.492,0.492,0.492,0.492,0.492,0.492,0.492,0.492,0.492,0.492,0.492,0.492,0.492,0.492,0.492,0.492,0.492,0.492,0.492,0.492,0.492,0.492,0.492,0.492,0.492,0.492,0.492,0.492,0.492,0.492,0.492,0.492,0.492,0.492,0.492,0.492,0.492,0.492,0.492,0.492,0.492,0.492,0.492,0.492,0.492,0.492,0.492,0.492,0.492,0.492,0.491,0.491,0.491,0.491,0.491,0.491,0.491,0.491
0.447,0.447,0.447,0.446,0.446,0.446,0.447,0.448,0.448,0.447,0.447,0.446,0.446,0.446,0.446,0.446,0.446,0.446,0.446,0.446,0.445,0.445,0.445,0.445,0.445,0.444,0.444,0.444,0.444,0.444,0.443,0.443,0.443,0.443,0.443,0.444,0.444,0.445,0.445,0.445,0.445,0.445,0.446,0.446,0.446,0.446,0.446,0.446,0.446,0.446,0.446,0.446,0.446,0.446,0.446,0.446,0.446,0.446,0.446,0.446,0.446,0.446,0.446,0.446,0.446,0.446,0.446,0.445,0.445,0.445,0.445,0.445,0.445,0.445,0.445,0.445,0.445,0.445,0.445,0.445,0.445,0.445,0.445,0.445,0.445,0.445,0.445,0.445,0.445,0.445,0.445,0.445,0.445,0.445,0.445,0.445,0.445,0.445,0.445,0.445
0.507,0.507,0.507,0.507,0.507,0.507,0.508,0.508,0.508,0.508,0.508,0.508,0.508,0.509,0.509,0.509,0.509,0.508,0.508,0.508,0.508,0.508,0.508,0.508,0.508,0.508,0.508,0.507,0.507,0.507,0.507,0.507,0.507,0.507,0.507,0.507,0.507,0.507,0.507,0.507,0.507,0.507,0.507,0.507,0.507,0.507,0.507,0.507,0.507,0.507,0.507,0.508,0.508,0.508,0.508,0.507,0.507,0.507,0.507,0.507,0.507,0.507,0.507,0.507,0.507,0.507,0.507,0.507,0.507,0.507,0.507,0.507,0.507,0.507,0.507,0.507,0.507,0.507,0.507,0.507,0.507,0.507,0.507,0.507,0.507,0.507,0.507,0.507,0.507,0.507,0.507,0.507,0.507,0.507,0.507,0.507,0.507,0.507,0.507,0.507
0.509,0.509,0.509,0.51,0.509,0.508,0.508,0.508,0.508,0.508,0.508,0.507,0.507,0.507,0.507,0.508,0.508,0.508,0.508,0.508,0.508,0.507,0.507,0.507,0.507,0.507,0.507,0.506,0.506,0.506,0.506,0.506,0.506,0.506,0.506,0.506,0.506,0.505,0.505,0.505,0.505,0.504,0.503,0.503,0.502,0.502,0.502,0.502,0.502,0.502,0.502,0.502,0.502,0.502,0.502,0.502,0.502,0.502,0.502,0.502,0.502,0.502,0.502,0.502,0.502,0.502,0.502,0.502,0.502,0.502,0.502,0.502,0.502,0.502,0.502,0.502,0.502,0.502,0.502,0.502,0.502,0.502,0.502,0.502,0.503,0.503,0.503,0.503,0.503,0.503,0.503,0.503,0.503,0.503,0.503,0.503,0.503,0.502,0.502,0.502
0.477,0.477,0.478,0.478,0.478,0.478,0.479,0.479,0.479,0.479,0.479,0.479,0.479,0.479,0.479,0.479,0.479,0.479,0.479,0.48,0.48,0.48,0.48,0.481,0.481,0.48,0.48,0.48,0.48,0.48,0.48,0.48,0.48,0.481,0.481,0.481,0.481,0.481,0.481,0.481,0.481,0.481,0.481,0.481,0.481,0.481,0.481,0.481,0.481,0.481,0.481,0.481,0.481,0.481,0.481,0.481,0.481,0.481,0.481,0.481,0.481,0.481,0.481,0.481,0.481,0.481,0.481,0.481,0.481,0.481,0.48,0.481,0.481,0.481,0.481,0.481,0.481,0.481,0.481,0.481,0.481,0.481,0.481,0.481,0.48,0.48,0.48,0.48,0.48,0.48,0.48,0.48,0.48,0.48,0.48,0.48,0.48,0.48,0.48,0.48
0.482,0.483,0.483,0.483,0.483,0.483,0.483,0.483,0.483,0.483,0.483,0.483,0.483,0.482,0.482,0.482,0.482,0.482,0.482,0.482,0.482,0.482,0.482,0.482,0.482,0.482,0.482,0.482,0.482,0.481,0.481,0.481,0.48,0.48,0.48,0.48,0.48,0.48,0.48,0.48,0.481,0.481,0.481,0.481,0.481,0.481,0.481,0.481,0.481,0.481,0.481,0.481,0.481,0.481,0.481,0.481,0.481,0.482,0.482,0.482,0.482,0.482,0.482,0.482,0.482,0.482,0.482,0.482,0.482,0.482,0.482,0.482,0.482,0.482,0.482,0.482,0.482,0.482,0.482,0.482,0.482,0.482,0.482,0.482,0.482,0.482,0.482,0.482,0.483,0.483,0.483,0.483,0.483,0.483,0.483,0.483,0.483,0.483,0.483,0.483
0.497,0.497,0.497,0.497,0.496,0.496,0.496,0.497,0.497,0.497,0.497,0.497,0.497,0.497,0.496,0.496,0.497,0.496,0.496,0.496,0.496,0.496,0.496,0.496,0.497,0.497,0.496,0.496,0.496,0.496,0.496,0.496,0.496,0.496,0.496,0.496,0.496,0.496,0.496,0.496,0.496,0.495,0.495,0.495,0.495,0.495,0.495,0.495,0.495,0.495,0.495,0.495,0.495,0.495,0.495,0.495,0.495,0.495,0.495,0.495,0.495,0.494,0.494,0.494,0.494,0.494,0.494,0.494,0.494,0.494,0.494,0.494,0.494,0.494,0.494,0.494,0.494,0.494,0.494,0.494,0.494,0.494,0.494,0.494,0.494,0.493,0.493,0.493,0.493,0.493,0.493,0.493,0.493,0.493,0.493,0.493,0.493,0.493,0.493,0.493
0.52,0.52,0.52,0.52,0.519,0.519,0.519,0.519,0.519,0.519,0.518,0.518,0.518,0.518,0.518,0.518,0.517,0.517,0.517,0.517,0.517,0.517,0.517,0.517,0.517,0.517,0.517,0.517,0.517,0.517,0.517,0.517,0.517,0.517,0.518,0.519,0.519,0.519,0.519,0.519,0.519,0.519,0.519,0.519,0.519,0.519,0.519,0.519,0.519,0.519,0.519,0.519,0.519,0.519,0.519,0.519,0.519,0.519,0.519,0.519,0.519,0.519,0.519,0.519,0.519,0.519,0.519,0.519,0.519,0.519,0.519,0.519,0.519,0.519,0.519,0.519,0.519,0.519,0.519,0.519,0.519,0.519,0.519,0.519,0.519,0.519,0.519,0.519,0.519,0.519,0.519,0.519,0.519,0.519,0.519,0.519,0.519,0.519,0.519,0.519
0.478,0.479,0.479,0.479,0.479,0.479,0.479,0.48,0.48,0.481,0.481,0.481,0.482,0.482,0.482,0.482,0.482,0.483,0.483,0.483,0.483,0.483,0.483,0.483,0.483,0.484,0.484,0.485,0.485,0.485,0.485,0.485,0.486,0.485,0.485,0.485,0.485,0.485,0.485,0.486,0.486,0.486,0.486,0.486,0.486,0.486,0.486,0.486,0.486,0.486,0.486,0.486,0.486,0.486,0.486,0.486,0.486,0.486,0.486,0.486,0.486,0.487,0.487,0.487,0.487,0.487,0.487,0.487,0.487,0.487,0.487,0.487,0.487,0.487,0.487,0.487,0.487,0.487,0.487,0.487,0.487,0.487,0.487,0.487,0.487,0.487,0.487,0.487,0.487,0.487,0.487,0.487,0.487,0.487,0.487,0.487,0.487,0.487,0.487,0.487
0.502,0.502,0.502,0.502,0.502,0.502,0.502,0.502,0.502,0.502,0.502,0.501,0.501,0.501,0.501,0.502,0.502,0.503,0.504,0.504,0.504,0.503,0.504,0.503,0.504,0.504,0.505,0.506,0.506,0.506,0.506,0.506,0.506,0.506,0.506,0.506,0.506,0.506,0.506,0.506,0.506,0.506,0.506,0.506,0.506,0.506,0.506,0.506,0.506,0.506,0.506,0.506,0.506,0.506,0.506,0.506,0.506,0.506,0.506,0.506,0.506,0.506,0.506,0.506,0.506,0.506,0.506,0.506,0.506,0.506,0.506,0.506,0.506,0.506,0.506,0.506,0.506,0.506,0.506,0.506,0.506,0.506,0.506,0.506,0.506,0.506,0.506,0.506,0.506,0.506,0.506,0.506,0.506,0.506,0.506,0.506,0.506,0.506,0.506,0.506
0.475,0.475,0.475,0.475,0.475,0.474,0.474,0.474,0.474,0.475,0.475,0.475,0.475,0.475,0.475,0.476,0.476,0.476,0.476,0.476,0.476,0.475,0.475,0.476,0.476,0.476,0.476,0.475,0.475,0.475,0.475,0.475,0.475,0.475,0.474,0.474,0.474,0.474,0.473,0.473,0.473,0.473,0.473,0.473,0.473,0.472,0.472,0.472,0.472,0.472,0.472,0.472,0.472,0.472,0.472,0.472,0.472,0.472,0.472,0.472,0.471,0.47,0.47,0.47,0.47,0.469,0.469,0.469,0.469,0.469,0.469,0.469,0.469,0.469,0.469,0.469,0.469,0.469,0.469,0.469,0.468,0.468,0.468,0.468,0.468,0.468,0.468,0.468,0.468,0.468,0.468,0.468,0.468,0.468,0.468,0.468,0.468,0.468,0.468,0.468
0.486,0.486,0.486,0.486,0.486,0.486,0.486,0.486,0.486,0.486,0.486,0.485,0.485,0.485,0.485,0.485,0.484,0.484,0.484,0.484,0.484,0.484,0.484,0.484,0.484,0.484,0.484,0.484,0.484,0.483,0.483,0.483,0.484,0.484,0.485,0.484,0.484,0.484,0.484,0.485,0.485,0.485,0.485,0.485,0.486,0.486,0.486,0.486,0.486,0.486,0.486,0.486,0.486,0.486,0.486,0.486,0.486,0.486,0.486,0.486,0.486,0.486,0.486,0.486,0.486,0.486,0.486,0.486,0.486,0.486,0.486,0.486,0.485,0.485,0.485,0.485,0.485,0.485,0.485,0.485,0.485,0.485,0.485,0.485,0.485,0.486,0.486,0.486,0.486,0.486,0.486,0.486,0.486,0.486,0.486,0.486,0.486,0.486,0.486,0.486
0.526,0.526,0.526,0.526,0.526,0.526,0.527,0.526,0.526,0.526,0.526,0.526,0.526,0.526,0.526,0.526,0.526,0.527,0.527,0.527,0.527,0.527,0.528,0.528,0.528,0.528,0.528,0.528,0.528,0.528,0.528,0.528,0.529,0.528,0.528,0.528,0.528,0.528,0.528,0.529,0.529,0.529,0.529,0.529,0.529,0.529,0.529,0.529,0.529,0.529,0.529,0.529,0.529,0.529,0.529,0.529,0.529,0.53,0.53,0.53,0.53,0.53,0.53,0.53,0.53,0.53,0.53,0.53,0.53,0.53,0.531,0.531,0.531,0.531,0.531,0.531,0.531,0.531,0.531,0.531,0.531,0.531,0.531,0.531,0.531,0.531,0.531,0.531,0.531,0.53,0.53,0.53,0.53,0.53,0.53,0.53,0.53,0.53,0.53,0.53
0.45,0.45,0.45,0.449,0.449,0.45,0.451,0.452,0.452,0.452,0.452,0.453,0.453,0.452,0.452,0.452,0.452,0.453,0.454,0.454,0.454,0.455,0.455,0.456,0.456,0.456,0.456,0.456,0.456,0.456,0.455,0.455,0.455,0.454,0.454,0.454,0.453,0.453,0.453,0.453,0.453,0.453,0.453,0.453,0.452,0.452,0.452,0.452,0.452,0.452,0.452,0.452,0.452,0.452,0.452,0.452,0.452,0.452,0.452,0.452,0.452,0.452,0.452,0.452,0.452,0.452,0.452,0.452,0.452,0.452,0.452,0.452,0.452,0.452,0.452,0.452,0.452,0.452,0.452,0.452,0.453,0.453,0.452,0.452,0.452,0.452,0.452,0.452,0.452,0.452,0.452,0.452,0.452,0.452,0.452,0.452,0.452,0.452,0.452,0.452
0.465,0.465,0.464,0.464,0.464,0.465,0.465,0.465,0.465,0.465,0.465,0.465,0.466,0.466,0.465,0.465,0.465,0.466,0.465,0.465,0.465,0.465,0.465,0.465,0.465,0.465,0.465,0.465,0.465,0.466,0.465,0.465,0.465,0.465,0.465,0.464,0.464,0.464,0.464,0.464,0.463,0.463,0.463,0.463,0.463,0.463,0.463,0.463,0.463,0.463,0.463,0.463,0.463,0.463,0.463,0.463,0.463,0.463,0.463,0.463,0.463,0.463,0.463,0.463,0.463,0.463,0.463,0.463,0.463,0.463,0.463,0.463,0.463,0.463,0.463,0.463,0.463,0.463,0.462,0.462,0.462,0.462,0.462,0.462,0.462,0.462,0.462,0.462,0.462,0.462,0.462,0.462,0.462,0.462,0.462,0.462,0.462,0.462,0.462,0.462
0.489,0.489,0.49,0.491,0.492,0.492,0.492,0.492,0.492,0.493,0.493,0.493,0.493,0.493,0.493,0.493,0.493,0.494,0.494,0.494,0.494,0.494,0.494,0.494,0.494,0.494,0.494,0.494,0.494,0.495,0.496,0.496,0.496,0.496,0.496,0.496,0.496,0.496,0.496,0.495,0.495,0.495,0.495,0.494,0.494,0.494,0.494,0.494,0.494,0.494,0.494,0.494,0.494,0.494,0.494,0.494,0.494,0.494,0.494,0.494,0.494,0.494,0.494,0.495,0.495,0.495,0.495,0.495,0.495,0.496,0.496,0.496,0.495,0.495,0.495,0.495,0.495,0.495,0.495,0.495,0.495,0.495,0.495,0.495,0.495,0.495,0.495,0.495,0.495,0.494,0.494,0.494,0.494,0.494,0.494,0.494,0.494,0.494,0.494,0.494
0.473,0.473,0.473,0.473,0.472,0.472,0.472,0.473,0.473,0.474,0.474,0.474,0.474,0.474,0.474,0.474,0.474,0.474,0.474,0.474,0.474,0.474,0.474,0.474,0.474,0.474,0.474,0.474,0.474,0.474,0.474,0.474,0.474,0.474,0.474,0.474,0.474,0.475,0.475,0.475,0.475,0.475,0.475,0.475,0.475,0.475,0.475,0.475,0.476,0.476,0.476,0.476,0.476,0.476,0.476,0.476,0.476,0.476,0.476,0.476,0.476,0.476,0.476,0.476,0.476,0.476,0.476,0.476,0.476,0.476,0.476,0.476,0.476,0.476,0.476,0.476,0.476,0.476,0.476,0.476,0.476,0.476,0.476,0.476,0.476,0.476,0.476,0.476,0.476,0.476,0.476,0.476,0.476,0.476,0.476,0.476,0.476,0.476,0.476,0.476
0.494,0.494,0.494,0.495,0.495,0.495,0.495,0.495,0.495,0.495,0.495,0.495,0.495,0.495,0.496,0.496,0.496,0.496,0.496,0.496,0.496,0.496,0.496,0.496,0.497,0.497,0.497,0.497,0.497,0.497,0.496,0.497,0.497,0.497,0.497,0.497,0.497,0.497,0.497,0.497,0.497,0.497,0.497,0.497,0.497,0.497,0.497,0.497,0.497,0.497,0.497,0.497,0.497,0.497,0.497,0.498,0.498,0.498,0.498,0.498,0.498,0.498,0.498,0.498,0.498,0.498,0.498,0.498,0.498,0.498,0.498,0.498,0.498,0.498,0.498,0.498,0.498,0.498,0.498,0.498,0.498,0.498,0.498,0.498,0.498,0.498,0.498,0.498,0.498,0.498,0.498,0.498,0.498,0.498,0.498,0.498,0.498,0.498,0.498,0.498
0.492,0.492,0.493,0.493,0.493,0.493,0.493,0.493,0.493,0.493,0.493,0.493,0.493,0.493,0.493,0.493,0.493,0.493,0.493,0.493,0.493,0.493,0.493,0.493,0.493,0.493,0.493,0.494,0.494,0.494,0.494,0.495,0.495,0.495,0.495,0.495,0.495,0.495,0.495,0.495,0.496,0.496,0.496,0.496,0.496,0.496,0.496,0.496,0.496,0.496,0.496,0.496,0.496,0.495,0.495,0.495,0.495,0.495,0.495,0.495,0.495,0.495,0.495,0.495,0.495,0.495,0.495,0.495,0.495,0.495,0.495,0.495,0.495,0.495,0.495,0.495,0.495,0.495,0.495,0.495,0.495,0.495,0.495,0.495,0.495,0.495,0.495,0.495,0.495,0.495,0.495,0.495,0.495,0.495,0.495,0.495,0.495,0.495,0.495,0.495
0.473,0.473,0.473,0.473,0.473,0.473,0.473,0.473,0.473,0.473,0.473,0.473,0.473,0.473,0.473,0.473,0.473,0.473,0.473,0.473,0.473,0.473,0.473,0.473,0.473,0.473,0.473,0.473,0.474,0.474,0.474,0.473,0.473,0.473,0.473,0.473,0.473,0.473,0.474,0.474,0.475,0.475,0.475,0.475,0.475,0.475,0.475,0.475,0.475,0.475,0.475,0.476,0.476,0.476,0.475,0.475,0.475,0.475,0.475,0.475,0.475,0.475,0.475,0.475,0.475,0.475,0.475,0.475,0.475,0.475,0.475,0.475,0.475,0.475,0.476,0.476,0.476,0.476,0.476,0.476,0.476,0.476,0.476,0.476,0.476,0.476,0.476,0.476,0.476,0.476,0.476,0.476,0.476,0.476,0.476,0.476,0.476,0.476,0.476,0.476
0.499,0.499,0.5,0.499,0.499,0.499,0.499,0.498,0.498,0.498,0.498,0.498,0.498,0.498,0.498,0.497,0.498,0.498,0.498,0.497,0.497,0.497,0.497,0.497,0.497,0.498,0.498,0.497,0.496,0.496,0.496,0.496,0.496,0.496,0.497,0.497,0.497,0.497,0.497,0.497,0.497,0.497,0.497,0.497,0.497,0.497,0.497,0.497,0.497,0.497,0.497,0.497,0.497,0.496,0.496,0.496,0.496,0.496,0.496,0.496,0.496,0.496,0.496,0.496,0.496,0.496,0.496,0.496,0.496,0.496,0.496,0.496,0.496,0.496,0.496,0.496,0.496,0.496,0.496,0.496,0.496,0.496,0.496,0.496,0.496,0.496,0.496,0.496,0.496,0.496,0.496,0.496,0.496,0.496,0.496,0.496,0.496,0.496,0.497,0.497
0.495,0.495,0.495,0.495,0.495,0.496,0.496,0.496,0.496,0.496,0.496,0.497,0.497,0.497,0.497,0.497,0.497,0.497,0.497,0.496,0.496,0.497,0.497,0.497,0.497,0.497,0.498,0.498,0.498,0.498,0.498,0.498,0.497,0.497,0.497,0.497,0.497,0.497,0.497,0.497,0.497,0.497,0.497,0.496,0.495,0.495,0.495,0.495,0.495,0.495,0.495,0.495,0.495,0.495,0.495,0.495,0.495,0.495,0.495,0.495,0.495,0.495,0.495,0.495,0.495,0.495,0.495,0.495,0.495,0.495,0.495,0.495,0.495,0.495,0.495,0.495,0.495,0.495,0.495,0.495,0.495,0.495,0.495,0.495,0.495,0.495,0.495,0.495,0.495,0.495,0.495,0.495,0.495,0.495,0.495,0.495,0.495,0.495,0.495,0.495
0.493,0.493,0.494,0.493,0.493,0.493,0.493,0.493,0.493,0.493,0.493,0.493,0.493,0.493,0.492,0.492,0.492,0.491,0.491,0.491,0.491,0.491,0.491,0.492,0.492,0.493,0.493,0.493,0.493,0.492,0.492,0.492,0.492,0.492,0.492,0.493,0.492,0.491,0.491,0.491,0.492,0.492,0.492,0.492,0.491,0.491,0.491,0.491,0.491,0.491,0.491,0.491,0.491,0.491,0.491,0.491,0.491,0.491,0.491,0.491,0.492,0.492,0.492,0.492,0.492,0.492,0.492,0.492,0.492,0.492,0.492,0.492,0.492,0.492,0.492,0.492,0.492,0.492,0.492,0.492,0.492,0.492,0.492,0.492,0.492,0.492,0.492,0.492,0.492,0.492,0.492,0.492,0.492,0.492,0.492,0.492,0.492,0.492,0.492,0.492
0.475,0.475,0.475,0.475,0.475,0.475,0.474,0.475,0.475,0.475,0.475,0.475,0.475,0.475,0.476,0.477,0.477,0.478,0.478,0.478,0.478,0.478,0.478,0.478,0.478,0.478,0.478,0.477,0.477,0.478,0.478,0.478,0.478,0.478,0.479,0.479,0.479,0.479,0.479,0.479,0.479,0.479,0.479,0.479,0.479,0.479,0.479,0.479,0.479,0.479,0.479,0.479,0.479,0.479,0.479,0.479,0.479,0.479,0.479,0.479,0.479,0.479,0.479,0.479,0.479,0.479,0.479,0.479,0.479,0.479,0.479,0.479,0.479,0.479,0.479,0.479,0.479,0.479,0.479,0.479,0.479,0.479,0.479,0.479,0.479,0.479,0.479,0.479,0.479,0.479,0.479,0.479,0.479,0.479,0.479,0.479,0.479,0.479,0.479,0.479
0.468,0.468,0.468,0.468,0.467,0.467,0.467,0.467,0.468,0.468,0.467,0.467,0.467,0.467,0.466,0.466,0.466,0.466,0.466,0.466,0.466,0.466,0.466,0.466,0.467,0.467,0.467,0.467,0.467,0.467,0.467,0.467,0.468,0.468,0.468,0.468,0.468,0.468,0.468,0.468,0.468,0.468,0.468,0.468,0.468,0.468,0.468,0.468,0.468,0.468,0.468,0.468,0.468,0.468,0.468,0.468,0.468,0.468,0.468,0.468,0.468,0.468,0.468,0.468,0.468,0.468,0.468,0.468,0.468,0.468,0.468,0.468,0.468,0.468,0.468,0.468,0.468,0.468,0.468,0.468,0.468,0.468,0.468,0.468,0.468,0.468,0.468,0.469,0.469,0.469,0.469,0.469,0.469,0.469,0.469,0.469,0.469,0.469,0.469,0.469
0.49,0.491,0.491,0.491,0.491,0.491,0.491,0.491,0.491,0.491,0.492,0.492,0.492,0.492,0.492,0.492,0.492,0.492,0.492,0.492,0.493,0.492,0.491,0.491,0.491,0.491,0.491,0.491,0.491,0.491,0.491,0.492,0.492,0.492,0.492,0.492,0.492,0.492,0.492,0.493,0.493,0.493,0.492,0.492,0.492,0.492,0.492,0.492,0.492,0.492,0.492,0.492,0.492,0.492,0.492,0.492,0.492,0.492,0.492,0.492,0.492,0.492,0.492,0.492,0.492,0.492,0.492,0.492,0.492,0.492,0.493,0.493,0.493,0.493,0.493,0.493,0.493,0.493,0.493,0.493,0.493,0.493,0.493,0.493,0.493,0.493,0.493,0.493,0.493,0.493,0.493,0.493,0.493,0.493,0.493,0.493,0.493,0.493,0.493,0.493
0.482,0.482,0.482,0.482,0.483,0.483,0.483,0.483,0.483,0.482,0.482,0.482,0.482,0.483,0.483,0.483,0.483,0.483,0.483,0.483,0.483,0.483,0.483,0.483,0.483,0.483,0.483,0.482,0.482,0.482,0.481,0.481,0.481,0.481,0.481,0.481,0.481,0.481,0.481,0.481,0.481,0.481,0.481,0.481,0.481,0.481,0.481,0.481,0.481,0.481,0.481,0.481,0.481,0.481,0.481,0.481,0.481,0.481,0.481,0.481,0.481,0.481,0.48,0.48,0.48,0.48,0.48,0.48,0.48,0.48,0.48,0.48,0.48,0.48,0.48,0.48,0.48,0.48,0.48,0.48,0.48,0.48,0.48,0.48,0.48,0.48,0.48,0.48,0.48,0.48,0.48,0.48,0.48,0.48,0.48,0.48,0.48,0.48,0.48,0.48
0.523,0.523,0.523,0.523,0.523,0.523,0.523,0.523,0.523,0.523,0.523,0.523,0.523,0.524,0.524,0.524,0.525,0.525,0.525,0.525,0.525,0.525,0.524,0.524,0.524,0.524,0.524,0.525,0.525,0.525,0.525,0.525,0.525,0.524,0.524,0.524,0.524,0.524,0.524,0.524,0.524,0.524,0.524,0.524,0.524,0.524,0.524,0.524,0.524,0.524,0.524,0.524,0.524,0.524,0.524,0.524,0.524,0.524,0.524,0.524,0.524,0.524,0.524,0.524,0.524,0.524,0.524,0.524,0.524,0.524,0.524,0.524,0.524,0.524,0.524,0.524,0.524,0.524,0.524,0.524,0.524,0.524,0.524,0.524,0.524,0.524,0.524,0.524,0.524,0.524,0.524,0.524,0.524,0.524,0.524,0.524,0.524,0.524,0.524,0.524
0.514,0.514,0.514,0.514,0.514,0.514,0.513,0.513,0.513,0.513,0.513,0.513,0.513,0.512,0.512,0.512,0.512,0.512,0.512,0.513,0.513,0.513,0.513,0.513,0.513,0.513,0.513,0.514,0.513,0.513,0.513,0.512,0.512,0.512,0.512,0.513,0.513,0.513,0.513,0.513,0.513,0.513,0.513,0.513,0.513,0.513,0.513,0.513,0.513,0.513,0.513,0.513,0.513,0.513,0.513,0.513,0.513,0.513,0.513,0.513,0.513,0.513,0.513,0.513,0.513,0.513,0.513,0.513,0.513,0.513,0.513,0.513,0.513,0.513,0.513,0.513,0.513,0.513,0.513,0.513,0.513,0.513,0.513,0.513,0.513,0.513,0.513,0.513,0.513,0.513,0.513,0.513,0.513,0.513,0.513,0.513,0.513,0.513,0.513,0.513
0.481,0.481,0.481,0.481,0.481,0.481,0.482,0.482,0.482,0.483,0.483,0.483,0.483,0.483,0.483,0.483,0.483,0.483,0.482,0.482,0.482,0.481,0.481,0.481,0.482,0.483,0.483,0.483,0.483,0.483,0.484,0.484,0.484,0.484,0.484,0.484,0.484,0.484,0.484,0.484,0.484,0.484,0.485,0.485,0.485,0.485,0.485,0.485,0.485,0.485,0.485,0.485,0.485,0.485,0.485,0.485,0.485,0.485,0.485,0.485,0.485,0.485,0.485,0.485,0.485,0.485,0.485,0.485,0.485,0.485,0.485,0.485,0.485,0.485,0.485,0.485,0.485,0.485,0.486,0.486,0.486,0.486,0.486,0.486,0.486,0.486,0.486,0.486,0.486,0.486,0.486,0.486,0.486,0.486,0.486,0.486,0.486,0.486,0.486,0.486
0.45,0.45,0.45,0.449,0.449,0.449,0.449,0.448,0.447,0.447,0.447,0.447,0.447,0.447,0.447,0.447,0.447,0.447,0.447,0.447,0.448,0.448,0.448,0.449,0.449,0.449,0.449,0.449,0.448,0.448,0.447,0.447,0.447,0.447,0.446,0.446,0.446,0.446,0.446,0.446,0.446,0.445,0.445,0.445,0.445,0.445,0.445,0.445,0.445,0.445,0.445,0.445,0.446,0.446,0.446,0.446,0.446,0.446,0.446,0.446,0.446,0.446,0.446,0.446,0.446,0.446,0.446,0.446,0.446,0.446,0.446,0.446,0.446,0.446,0.446,0.446,0.446,0.446,0.446,0.446,0.446,0.446,0.446,0.446,0.446,0.446,0.446,0.446,0.446,0.446,0.446,0.446,0.446,0.446,0.446,0.446,0.446,0.446,0.446,0.446
0.459,0.46,0.46,0.46,0.46,0.46,0.46,0.46,0.46,0.46,0.46,0.46,0.46,0.46,0.46,0.46,0.46,0.46,0.46,0.46,0.459,0.46,0.46,0.46,0.46,0.46,0.46,0.46,0.459,0.459,0.459,0.459,0.458,0.458,0.458,0.458,0.458,0.458,0.458,0.458,0.458,0.458,0.458,0.458,0.458,0.458,0.458,0.458,0.458,0.458,0.458,0.458,0.458,0.458,0.458,0.458,0.458,0.458,0.458,0.458,0.458,0.458,0.459,0.459,0.459,0.459,0.459,0.459,0.459,0.459,0.459,0.459,0.459,0.459,0.459,0.459,0.459,0.459,0.459,0.459,0.459,0.459,0.459,0.459,0.459,0.459,0.459,0.459,0.459,0.459,0.459,0.459,0.459,0.459,0.459,0.459,0.459,0.458,0.458,0.458
0.5,0.5,0.5,0.5,0.5,0.5,0.5,0.5,0.5,0.5,0.5,0.5,0.5,0.5,0.5,0.5,0.5,0.5,0.5,0.5,0.5,0.5,0.501,0.501,0.5,0.5,0.499,0.499,0.499,0.499,0.499,0.499,0.498,0.498,0.499,0.499,0.499,0.499,0.498,0.498,0.498,0.498,0.498,0.498,0.498,0.498,0.498,0.498,0.498,0.498,0.498,0.498,0.498,0.498,0.498,0.498,0.498,0.498,0.498,0.497,0.497,0.497,0.497,0.497,0.497,0.497,0.497,0.497,0.497,0.497,0.497,0.497,0.497,0.497,0.497,0.497,0.497,0.497,0.497,0.497,0.497,0.497,0.497,0.497,0.497,0.497,0.497,0.497,0.497,0.497,0.497,0.497,0.497,0.497,0.497,0.497,0.497,0.497,0.497,0.497
0.47,0.47,0.47,0.47,0.469,0.468,0.468,0.468,0.468,0.468,0.468,0.468,0.469,0.469,0.468,0.468,0.469,0.469,0.469,0.469,0.469,0.469,0.469,0.469,0.469,0.469,0.469,0.469,0.469,0.469,0.469,0.469,0.469,0.47,0.47,0.47,0.47,0.47,0.47,0.47,0.47,0.47,0.47,0.47,0.47,0.47,0.47,0.47,0.47,0.47,0.47,0.47,0.47,0.47,0.47,0.47,0.47,0.47,0.47,0.47,0.47,0.47,0.47,0.47,0.47,0.469,0.469,0.469,0.469,0.469,0.469,0.469,0.469,0.469,0.469,0.469,0.469,0.469,0.469,0.469,0.469,0.469,0.469,0.469,0.469,0.469,0.469,0.469,0.469,0.469,0.469,0.469,0.469,0.469,0.469,0.469,0.469,0.469,0.469,0.469
0.452,0.452,0.452,0.452,0.452,0.452,0.452,0.452,0.452,0.452,0.452,0.452,0.452,0.451,0.451,0.451,0.451,0.452,0.452,0.452,0.452,0.453,0.453,0.453,0.452,0.452,0.452,0.452,0.452,0.452,0.452,0.452,0.452,0.453,0.453,0.453,0.453,0.453,0.453,0.453,0.453,0.453,0.453,0.452,0.452,0.452,0.452,0.452,0.452,0.452,0.452,0.452,0.452,0.452,0.452,0.452,0.452,0.452,0.452,0.452,0.452,0.452,0.452,0.452,0.452,0.452,0.452,0.452,0.452,0.452,0.452,0.452,0.452,0.452,0.452,0.452,0.452,0.452,0.452,0.451,0.451,0.451,0.451,0.451,0.451,0.451,0.451,0.451,0.451,0.451,0.451,0.451,0.451,0.451,0.451,0.451,0.451,0.451,0.451,0.451
0.475,0.475,0.475,0.475,0.476,0.476,0.477,0.477,0.477,0.478,0.479,0.479,0.479,0.479,0.479,0.479,0.479,0.479,0.479,0.479,0.479,0.479,0.479,0.479,0.479,0.479,0.478,0.478,0.477,0.477,0.477,0.477,0.477,0.477,0.477,0.477,0.477,0.477,0.477,0.476,0.476,0.476,0.476,0.477,0.477,0.477,0.477,0.477,0.477,0.477,0.477,0.477,0.477,0.477,0.477,0.477,0.477,0.477,0.477,0.477,0.477,0.477,0.477,0.477,0.477,0.477,0.477,0.477,0.477,0.477,0.477,0.477,0.477,0.477,0.477,0.477,0.477,0.477,0.477,0.477,0.477,0.477,0.477,0.477,0.477,0.477,0.477,0.477,0.476,0.476,0.476,0.476,0.476,0.476,0.476,0.476,0.476,0.477,0.477,0.477
0.471,0.47,0.47,0.47,0.47,0.47,0.47,0.47,0.47,0.47,0.47,0.469,0.469,0.469,0.469,0.469,0.469,0.469,0.469,0.469,0.469,0.468,0.468,0.468,0.468,0.468,0.469,0.469,0.469,0.47,0.47,0.47,0.47,0.47,0.47,0.47,0.469,0.47,0.47,0.47,0.47,0.47,0.47,0.47,0.47,0.47,0.47,0.47,0.47,0.469,0.469,0.469,0.469,0.469,0.469,0.469,0.469,0.469,0.469,0.469,0.469,0.469,0.469,0.469,0.469,0.469,0.469,0.469,0.469,0.469,0.469,0.469,0.469,0.469,0.469,0.469,0.469,0.469,0.469,0.469,0.469,0.469,0.469,0.469,0.469,0.469,0.469,0.469,0.469,0.469,0.469,0.469,0.469,0.469,0.469,0.469,0.469,0.469,0.469,0.469
0.493,0.493,0.493,0.493,0.493,0.494,0.495,0.495,0.495,0.495,0.495,0.496,0.496,0.496,0.496,0.496,0.496,0.496,0.496,0.496,0.496,0.496,0.495,0.496,0.496,0.496,0.496,0.496,0.496,0.496,0.497,0.497,0.496,0.496,0.496,0.496,0.496,0.496,0.496,0.496,0.496,0.496,0.496,0.496,0.496,0.496,0.496,0.496,0.496,0.496,0.496,0.496,0.496,0.496,0.496,0.496,0.496,0.496,0.496,0.496,0.496,0.496,0.496,0.496,0.496,0.496,0.496,0.496,0.496,0.496,0.496,0.496,0.496,0.496,0.496,0.496,0.496,0.496,0.496,0.496,0.496,0.496,0.496,0.496,0.496,0.496,0.497,0.497,0.497,0.497,0.497,0.497,0.497,0.497,0.497,0.497,0.497,0.497,0.497,0.497
0.48,0.48,0.48,0.48,0.48,0.48,0.48,0.48,0.48,0.48,0.48,0.48,0.48,0.48,0.48,0.48,0.48,0.48,0.48,0.48,0.48,0.48,0.48,0.48,0.48,0.48,0.48,0.48,0.48,0.48,0.48,0.48,0.48,0.481,0.481,0.481,0.481,0.481,0.481,0.481,0.481,0.481,0.481,0.481,0.481,0.481,0.481,0.481,0.481,0.481,0.481,0.481,0.481,0.481,0.481,0.481,0.481,0.481,0.481,0.481,0.481,0.481,0.481,0.481,0.482,0.482,0.482,0.482,0.482,0.482,0.482,0.482,0.482,0.482,0.482,0.482,0.482,0.482,0.482,0.482,0.482,0.482,0.482,0.482,0.482,0.482,0.482,0.482,0.482,0.482,0.482,0.482,0.482,0.482,0.482,0.482,0.482,0.481,0.481,0.481
0.472,0.472,0.472,0.472,0.473,0.472,0.472,0.472,0.472,0.472,0.472,0.472,0.472,0.472,0.472,0.472,0.472,0.472,0.472,0.472,0.472,0.471,0.47,0.47,0.47,0.47,0.469,0.469,0.469,0.47,0.47,0.47,0.471,0.471,0.471,0.471,0.471,0.471,0.471,0.471,0.471,0.471,0.471,0.471,0.471,0.471,0.471,0.471,0.471,0.471,0.471,0.471,0.471,0.471,0.471,0.471,0.471,0.471,0.471,0.471,0.471,0.471,0.471,0.471,0.471,0.471,0.471,0.471,0.471,0.471,0.471,0.471,0.471,0.471,0.471,0.471,0.471,0.471,0.471,0.471,0.471,0.471,0.471,0.471,0.471,0.471,0.471,0.471,0.471,0.471,0.471,0.471,0.471,0.471,0.471,0.471,0.471,0.471,0.471,0.471
0.499,0.499,0.499,0.499,0.499,0.499,0.499,0.499,0.499,0.499,0.499,0.498,0.498,0.498,0.498,0.498,0.499,0.499,0.499,0.499,0.499,0.499,0.499,0.499,0.499,0.499,0.499,0.499,0.499,0.499,0.499,0.499,0.499,0.499,0.499,0.499,0.5,0.5,0.5,0.5,0.5,0.5,0.5,0.5,0.5,0.5,0.5,0.5,0.5,0.5,0.5,0.5,0.5,0.5,0.5,0.5,0.5,0.501,0.501,0.501,0.501,0.501,0.501,0.501,0.501,0.501,0.501,0.501,0.501,0.501,0.501,0.501,0.501,0.501,0.501,0.501,0.501,0.501,0.501,0.501,0.501,0.501,0.501,0.501,0.501,0.5,0.5,0.5,0.5,0.5,0.5,0.5,0.5,0.5,0.5,0.5,0.5,0.5,0.5,0.5
0.522,0.522,0.522,0.523,0.522,0.522,0.522,0.522,0.522,0.522,0.522,0.522,0.522,0.523,0.523,0.522,0.522,0.522,0.522,0.522,0.523,0.522,0.522,0.522,0.522,0.522,0.522,0.522,0.522,0.522,0.522,0.521,0.521,0.521,0.521,0.521,0.521,0.521,0.521,0.521,0.521,0.521,0.521,0.521,0.521,0.521,0.521,0.521,0.521,0.521,0.521,0.521,0.521,0.521,0.521,0.521,0.521,0.521,0.521,0.521,0.521,0.521,0.521,0.521,0.521,0.521,0.521,0.521,0.521,0.521,0.521,0.521,0.521,0.521,0.521,0.521,0.521,0.521,0.521,0.521,0.521,0.521,0.521,0.521,0.521,0.521,0.521,0.521,0.521,0.521,0.521,0.521,0.521,0.521,0.521,0.521,0.521,0.521,0.521,0.521
0.481,0.481,0.481,0.481,0.481,0.481,0.481,0.481,0.48,0.48,0.48,0.481,0.481,0.48,0.48,0.481,0.481,0.481,0.481,0.481,0.481,0.481,0.481,0.481,0.481,0.481,0.481,0.481,0.481,0.481,0.481,0.482,0.482,0.482,0.482,0.482,0.482,0.482,0.482,0.482,0.482,0.482,0.482,0.483,0.483,0.484,0.484,0.484,0.484,0.484,0.484,0.484,0.484,0.484,0.484,0.484,0.484,0.484,0.484,0.484,0.484,0.484,0.484,0.484,0.484,0.484,0.484,0.484,0.484,0.484,0.484,0.484,0.484,0.483,0.483,0.483,0.483,0.483,0.483,0.483,0.482,0.482,0.482,0.482,0.482,0.482,0.482,0.482,0.482,0.482,0.482,0.482,0.482,0.482,0.481,0.481,0.481,0.481,0.481,0.481
0.487,0.487,0.488,0.488,0.488,0.489,0.489,0.489,0.489,0.489,0.489,0.49,0.49,0.49,0.49,0.49,0.49,0.49,0.49,0.49,0.489,0.489,0.489,0.489,0.489,0.489,0.489,0.488,0.488,0.487,0.487,0.487,0.487,0.487,0.487,0.487,0.487,0.488,0.487,0.488,0.489,0.489,0.489,0.489,0.489,0.489,0.489,0.489,0.489,0.489,0.489,0.489,0.489,0.489,0.489,0.489,0.489,0.489,0.489,0.489,0.489,0.489,0.489,0.489,0.489,0.489,0.489,0.489,0.489,0.489,0.489,0.488,0.488,0.488,0.488,0.488,0.488,0.488,0.488,0.488,0.488,0.488,0.488,0.488,0.488,0.488,0.488,0.488,0.488,0.488,0.488,0.488,0.488,0.488,0.488,0.488,0.488,0.488,0.488,0.488
0.484,0.485,0.485,0.485,0.485,0.485,0.485,0.485,0.485,0.485,0.485,0.485,0.485,0.485,0.486,0.486,0.485,0.486,0.485,0.484,0.483,0.483,0.483,0.483,0.483,0.483,0.483,0.483,0.484,0.484,0.484,0.484,0.484,0.485,0.485,0.485,0.485,0.485,0.485,0.485,0.485,0.485,0.485,0.485,0.485,0.485,0.485,0.485,0.485,0.485,0.485,0.485,0.485,0.485,0.485,0.485,0.485,0.485,0.485,0.485,0.485,0.485,0.485,0.485,0.485,0.485,0.485,0.485,0.485,0.485,0.485,0.485,0.485,0.485,0.485,0.485,0.485,0.485,0.485,0.485,0.486,0.486,0.486,0.486,0.486,0.486,0.486,0.486,0.486,0.486,0.486,0.486,0.486,0.486,0.486,0.486,0.486,0.486,0.486,0.486
0.501,0.501,0.501,0.501,0.501,0.501,0.502,0.502,0.502,0.501,0.501,0.501,0.501,0.5,0.5,0.5,0.5,0.5,0.5,0.5,0.5,0.5,0.5,0.5,0.5,0.5,0.5,0.5,0.5,0.501,0.501,0.501,0.501,0.501,0.501,0.501,0.501,0.501,0.501,0.5,0.5,0.5,0.5,0.5,0.5,0.5,0.5,0.5,0.5,0.5,0.5,0.5,0.5,0.5,0.5,0.5,0.5,0.5,0.5,0.5,0.5,0.5,0.5,0.5,0.5,0.5,0.5,0.5,0.5,0.5,0.5,0.5,0.5,0.5,0.5,0.5,0.5,0.5,0.5,0.5,0.5,0.5,0.5,0.5,0.5,0.5,0.5,0.5,0.5,0.5,0.5,0.5,0.5,0.5,0.5,0.5,0.5,0.5,0.5,0.5
0.482,0.482,0.482,0.481,0.482,0.481,0.481,0.481,0.481,0.482,0.482,0.482,0.482,0.482,0.482,0.483,0.483,0.483,0.483,0.484,0.485,0.485,0.485,0.485,0.484,0.484,0.484,0.484,0.484,0.484,0.484,0.484,0.484,0.484,0.485,0.485,0.485,0.485,0.485,0.485,0.486,0.486,0.486,0.486,0.486,0.486,0.486,0.486,0.486,0.486,0.486,0.486,0.486,0.486,0.486,0.486,0.486,0.486,0.486,0.486,0.486,0.486,0.486,0.486,0.486,0.486,0.486,0.486,0.486,0.486,0.486,0.486,0.486,0.486,0.486,0.486,0.486,0.486,0.486,0.486,0.486,0.486,0.486,0.486,0.486,0.486,0.486,0.486,0.486,0.486,0.486,0.486,0.486,0.486,0.486,0.486,0.486,0.486,0.486,0.486
0.486,0.486,0.486,0.486,0.487,0.487,0.488,0.487,0.487,0.487,0.487,0.487,0.486,0.486,0.486,0.486,0.485,0.485,0.485,0.485,0.485,0.484,0.483,0.482,0.482,0.482,0.482,0.482,0.482,0.482,0.482,0.482,0.482,0.482,0.482,0.482,0.482,0.482,0.482,0.482,0.482,0.482,0.482,0.482,0.482,0.482,0.482,0.482,0.482,0.482,0.482,0.482,0.482,0.482,0.482,0.482,0.482,0.482,0.482,0.482,0.482,0.482,0.482,0.482,0.482,0.482,0.482,0.482,0.482,0.483,0.483,0.483,0.483,0.483,0.483,0.483,0.483,0.483,0.483,0.483,0.483,0.483,0.483,0.483,0.483,0.483,0.483,0.483,0.483,0.483,0.483,0.484,0.484,0.484,0.484,0.484,0.484,0.484,0.484,0.484
0.456,0.456,0.455,0.455,0.455,0.455,0.455,0.455,0.455,0.454,0.454,0.454,0.455,0.455,0.455,0.455,0.455,0.455,0.454,0.455,0.454,0.454,0.454,0.453,0.453,0.453,0.452,0.452,0.452,0.452,0.452,0.452,0.452,0.452,0.452,0.452,0.452,0.452,0.452,0.452,0.452,0.451,0.451,0.451,0.451,0.451,0.451,0.451,0.451,0.451,0.451,0.451,0.451,0.451,0.451,0.451,0.451,0.451,0.451,0.451,0.451,0.451,0.451,0.451,0.451,0.451,0.451,0.451,0.451,0.451,0.451,0.451,0.451,0.451,0.451,0.451,0.451,0.451,0.451,0.451,0.451,0.451,0.451,0.451,0.451,0.451,0.451,0.451,0.451,0.451,0.451,0.451,0.451,0.451,0.451,0.451,0.451,0.451,0.451,0.451
0.438,0.437,0.437,0.437,0.437,0.437,0.437,0.437,0.437,0.437,0.436,0.436,0.436,0.436,0.436,0.437,0.437,0.437,0.437,0.438,0.438,0.438,0.438,0.438,0.438,0.438,0.438,0.438,0.438,0.438,0.437,0.437,0.437,0.437,0.437,0.437,0.437,0.437,0.436,0.437,0.437,0.438,0.438,0.438,0.438,0.438,0.438,0.438,0.438,0.438,0.438,0.438,0.438,0.438,0.438,0.438,0.438,0.438,0.438,0.438,0.438,0.438,0.438,0.438,0.438,0.438,0.438,0.438,0.439,0.439,0.439,0.439,0.439,0.439,0.439,0.439,0.439,0.439,0.439,0.439,0.439,0.439,0.439,0.439,0.439,0.439,0.439,0.439,0.439,0.439,0.439,0.439,0.439,0.439,0.439,0.439,0.439,0.439,0.439,0.439
0.456,0.456,0.456,0.457,0.457,0.457,0.457,0.458,0.459,0.459,0.459,0.459,0.46,0.46,0.46,0.46,0.46,0.46,0.46,0.46,0.46,0.46,0.46,0.46,0.461,0.461,0.462,0.462,0.461,0.461,0.461,0.461,0.462,0.461,0.461,0.461,0.461,0.461,0.462,0.462,0.462,0.462,0.462,0.462,0.462,0.462,0.462,0.462,0.462,0.462,0.462,0.462,0.462,0.462,0.462,0.462,0.462,0.462,0.462,0.462,0.462,0.462,0.462,0.462,0.462,0.462,0.462,0.462,0.462,0.462,0.462,0.462,0.462,0.462,0.462,0.462,0.462,0.462,0.462,0.462,0.462,0.463,0.463,0.463,0.463,0.463,0.463,0.463,0.463,0.463,0.463,0.463,0.463,0.463,0.463,0.463,0.464,0.464,0.464,0.464
0.485,0.485,0.485,0.485,0.485,0.485,0.485,0.485,0.485,0.485,0.485,0.485,0.485,0.485,0.485,0.485,0.485,0.485,0.485,0.485,0.485,0.485,0.485,0.485,0.485,0.485,0.485,0.484,0.484,0.484,0.484,0.484,0.484,0.484,0.484,0.484,0.484,0.484,0.484,0.484,0.484,0.484,0.484,0.484,0.484,0.484,0.484,0.484,0.484,0.484,0.484,0.484,0.484,0.484,0.484,0.484,0.484,0.484,0.484,0.484,0.484,0.484,0.484,0.484,0.484,0.484,0.484,0.484,0.484,0.484,0.484,0.484,0.484,0.484,0.484,0.484,0.484,0.484,0.484,0.484,0.484,0.484,0.484,0.484,0.484,0.484,0.484,0.484,0.484,0.484,0.484,0.484,0.484,0.484,0.484,0.484,0.484,0.484,0.484,0.484
0.478,0.477,0.477,0.478,0.478,0.477,0.477,0.477,0.477,0.477,0.477,0.476,0.476,0.476,0.476,0.476,0.476,0.475,0.475,0.475,0.475,0.475,0.475,0.476,0.476,0.476,0.476,0.476,0.476,0.476,0.476,0.476,0.476,0.476,0.476,0.476,0.476,0.476,0.476,0.476,0.475,0.475,0.475,0.475,0.475,0.475,0.475,0.475,0.475,0.475,0.475,0.475,0.475,0.475,0.475,0.475,0.475,0.475,0.475,0.475,0.475,0.475,0.474,0.474,0.474,0.474,0.474,0.474,0.474,0.474,0.474,0.474,0.474,0.474,0.474,0.474,0.474,0.474,0.474,0.474,0.474,0.474,0.474,0.474,0.474,0.474,0.474,0.474,0.474,0.474,0.474,0.474,0.474,0.474,0.474,0.474,0.474,0.474,0.474,0.474
0.489,0.489,0.489,0.489,0.489,0.489,0.489,0.489,0.49,0.489,0.49,0.49,0.49,0.49,0.49,0.49,0.491,0.491,0.492,0.492,0.492,0.492,0.492,0.492,0.492,0.492,0.492,0.492,0.492,0.493,0.493,0.493,0.493,0.494,0.494,0.494,0.494,0.494,0.494,0.494,0.495,0.495,0.495,0.495,0.494,0.494,0.494,0.494,0.494,0.494,0.494,0.494,0.494,0.494,0.494,0.494,0.494,0.494,0.494,0.494,0.494,0.494,0.494,0.494,0.494,0.494,0.494,0.494,0.494,0.494,0.494,0.494,0.494,0.494,0.494,0.494,0.494,0.494,0.494,0.494,0.494,0.494,0.494,0.494,0.494,0.494,0.494,0.493,0.493,0.493,0.493,0.493,0.493,0.493,0.493,0.493,0.493,0.493,0.493,0.493
0.498,0.498,0.498,0.498,0.498,0.498,0.498,0.499,0.499,0.499,0.499,0.499,0.499,0.5,0.5,0.5,0.5,0.5,0.5,0.501,0.502,0.502,0.502,0.501,0.501,0.501,0.501,0.501,0.501,0.501,0.501,0.502,0.503,0.503,0.503,0.503,0.503,0.503,0.503,0.504,0.504,0.504,0.504,0.504,0.504,0.504,0.504,0.504,0.504,0.504,0.504,0.504,0.504,0.504,0.504,0.504,0.504,0.505,0.505,0.505,0.505,0.505,0.505,0.505,0.505,0.506,0.506,0.506,0.506,0.506,0.506,0.506,0.506,0.506,0.506,0.506,0.506,0.506,0.506,0.506,0.506,0.506,0.506,0.506,0.506,0.506,0.506,0.506,0.506,0.506,0.506,0.506,0.506,0.506,0.506,0.506,0.506,0.506,0.506,0.506
0.508,0.508,0.508,0.508,0.508,0.508,0.508,0.508,0.508,0.508,0.508,0.509,0.509,0.51,0.51,0.51,0.51,0.51,0.511,0.511,0.51,0.51,0.51,0.51,0.51,0.51,0.51,0.51,0.51,0.51,0.51,0.51,0.51,0.51,0.51,0.51,0.51,0.509,0.51,0.51,0.51,0.51,0.51,0.51,0.51,0.51,0.51,0.51,0.51,0.51,0.51,0.51,0.51,0.51,0.51,0.51,0.51,0.51,0.51,0.51,0.509,0.509,0.509,0.509,0.509,0.509,0.509,0.509,0.51,0.51,0.51,0.51,0.51,0.51,0.51,0.51,0.51,0.51,0.51,0.51,0.51,0.51,0.51,0.51,0.51,0.51,0.51,0.51,0.51,0.51,0.51,0.51,0.51,0.51,0.51,0.51,0.51,0.51,0.51,0.51
0.492,0.492,0.493,0.493,0.493,0.493,0.493,0.493,0.493,0.493,0.493,0.493,0.493,0.492,0.492,0.493,0.494,0.494,0.494,0.494,0.494,0.494,0.494,0.494,0.494,0.494,0.494,0.495,0.495,0.494,0.493,0.494,0.494,0.494,0.494,0.494,0.494,0.494,0.494,0.494,0.494,0.494,0.494,0.494,0.494,0.494,0.494,0.494,0.494,0.494,0.494,0.494,0.494,0.494,0.494,0.494,0.494,0.494,0.494,0.494,0.494,0.494,0.494,0.494,0.494,0.494,0.494,0.494,0.494,0.494,0.494,0.494,0.494,0.494,0.494,0.494,0.494,0.494,0.494,0.494,0.494,0.494,0.494,0.494,0.494,0.494,0.494,0.494,0.494,0.494,0.494,0.494,0.494,0.494,0.494,0.494,0.494,0.494,0.494,0.494
0.499,0.499,0.498,0.498,0.498,0.498,0.498,0.498,0.498,0.498,0.498,0.498,0.498,0.497,0.497,0.497,0.497,0.497,0.497,0.497,0.497,0.497,0.498,0.498,0.498,0.497,0.497,0.497,0.497,0.497,0.496,0.496,0.496,0.495,0.495,0.495,0.495,0.495,0.495,0.495,0.495,0.495,0.495,0.495,0.495,0.495,0.495,0.495,0.495,0.495,0.495,0.495,0.495,0.495,0.495,0.495,0.495,0.495,0.495,0.495,0.495,0.495,0.495,0.495,0.495,0.495,0.495,0.495,0.495,0.495,0.495,0.495,0.495,0.495,0.495,0.495,0.495,0.495,0.495,0.495,0.495,0.495,0.495,0.495,0.495,0.495,0.496,0.496,0.496,0.496,0.496,0.496,0.495,0.495,0.495,0.495,0.495,0.495,0.495,0.495
0.468,0.469,0.469,0.469,0.47,0.47,0.47,0.47,0.47,0.47,0.47,0.47,0.469,0.469,0.469,0.47,0.469,0.469,0.469,0.469,0.469,0.469,0.469,0.469,0.469,0.468,0.468,0.469,0.469,0.469,0.47,0.47,0.47,0.471,0.471,0.471,0.472,0.472,0.472,0.472,0.472,0.472,0.472,0.472,0.472,0.472,0.472,0.472,0.472,0.472,0.472,0.472,0.472,0.472,0.472,0.472,0.472,0.472,0.472,0.472,0.472,0.472,0.472,0.472,0.472,0.472,0.472,0.472,0.472,0.472,0.472,0.472,0.472,0.472,0.472,0.472,0.472,0.472,0.472,0.472,0.472,0.472,0.472,0.472,0.472,0.472,0.472,0.472,0.472,0.472,0.472,0.472,0.472,0.472,0.472,0.472,0.472,0.472,0.472,0.472
0.489,0.49,0.489,0.489,0.489,0.489,0.489,0.489,0.489,0.489,0.489,0.489,0.489,0.489,0.489,0.489,0.489,0.49,0.49,0.49,0.49,0.491,0.491,0.491,0.492,0.492,0.492,0.492,0.492,0.493,0.493,0.493,0.493,0.493,0.493,0.493,0.493,0.493,0.493,0.493,0.493,0.493,0.493,0.493,0.493,0.493,0.493,0.493,0.493,0.493,0.493,0.493,0.493,0.493,0.493,0.493,0.493,0.493,0.493,0.494,0.494,0.494,0.494,0.494,0.494,0.494,0.494,0.494,0.494,0.494,0.494,0.494,0.494,0.494,0.494,0.494,0.494,0.494,0.494,0.494,0.494,0.494,0.494,0.494,0.494,0.494,0.493,0.493,0.493,0.493,0.493,0.493,0.493,0.493,0.493,0.493,0.493,0.493,0.493,0.493
0.456,0.456,0.456,0.456,0.456,0.457,0.457,0.457,0.457,0.457,0.457,0.457,0.457,0.457,0.457,0.457,0.457,0.457,0.457,0.457,0.457,0.457,0.457,0.457,0.457,0.457,0.457,0.458,0.458,0.458,0.458,0.458,0.458,0.458,0.458,0.458,0.458,0.459,0.459,0.459,0.459,0.459,0.459,0.459,0.459,0.459,0.459,0.459,0.459,0.459,0.459,0.46,0.46,0.46,0.46,0.46,0.46,0.46,0.46,0.46,0.46,0.46,0.46,0.46,0.46,0.46,0.459,0.459,0.459,0.459,0.459,0.459,0.459,0.459,0.459,0.459,0.459,0.459,0.459,0.459,0.459,0.459,0.459,0.459,0.459,0.459,0.459,0.459,0.459,0.459,0.459,0.459,0.459,0.459,0.459,0.459,0.459,0.459,0.459,0.459
0.496,0.495,0.495,0.495,0.495,0.495,0.496,0.496,0.496,0.496,0.496,0.496,0.496,0.496,0.496,0.496,0.496,0.496,0.497,0.497,0.497,0.497,0.497,0.497,0.497,0.497,0.498,0.498,0.498,0.498,0.498,0.498,0.498,0.498,0.498,0.498,0.498,0.498,0.498,0.498,0.498,0.498,0.498,0.498,0.498,0.498,0.498,0.498,0.498,0.498,0.498,0.498,0.498,0.498,0.498,0.498,0.498,0.498,0.498,0.498,0.499,0.499,0.499,0.499,0.499,0.499,0.499,0.499,0.499,0.499,0.499,0.499,0.499,0.499,0.498,0.498,0.498,0.498,0.498,0.498,0.498,0.498,0.498,0.498,0.498,0.498,0.498,0.498,0.498,0.498,0.498,0.498,0.498,0.498,0.498,0.498,0.498,0.498,0.498,0.498
0.496,0.496,0.496,0.496,0.496,0.496,0.496,0.496,0.496,0.495,0.494,0.494,0.494,0.494,0.494,0.493,0.493,0.493,0.492,0.492,0.492,0.492,0.492,0.493,0.493,0.493,0.493,0.493,0.492,0.492,0.491,0.49,0.491,0.491,0.491,0.49,0.49,0.49,0.49,0.49,0.49,0.49,0.49,0.49,0.49,0.49,0.49,0.49,0.49,0.49,0.49,0.49,0.49,0.49,0.49,0.49,0.49,0.49,0.49,0.49,0.49,0.49,0.49,0.49,0.49,0.49,0.49,0.49,0.49,0.49,0.49,0.49,0.49,0.49,0.49,0.49,0.489,0.489,0.489,0.488,0.488,0.488,0.488,0.488,0.488,0.488,0.488,0.488,0.488,0.488,0.488,0.488,0.488,0.488,0.488,0.488,0.488,0.488,0.488,0.488
0.478,0.478,0.478,0.478,0.478,0.478,0.478,0.478,0.478,0.478,0.478,0.477,0.478,0.478,0.478,0.478,0.478,0.478,0.478,0.478,0.478,0.478,0.478,0.478,0.478,0.478,0.478,0.478,0.478,0.478,0.478,0.478,0.478,0.478,0.478,0.477,0.477,0.477,0.477,0.477,0.476,0.476,0.477,0.476,0.477,0.477,0.477,0.477,0.477,0.477,0.477,0.477,0.477,0.477,0.477,0.477,0.477,0.477,0.477,0.477,0.477,0.477,0.477,0.477,0.477,0.477,0.477,0.477,0.477,0.477,0.477,0.477,0.477,0.477,0.477,0.477,0.477,0.477,0.477,0.477,0.477,0.477,0.477,0.477,0.477,0.477,0.477,0.477,0.477,0.477,0.477,0.477,0.477,0.477,0.477,0.477,0.477,0.477,0.477,0.477
0.529,0.528,0.528,0.528,0.528,0.528,0.528,0.528,0.528,0.528,0.528,0.528,0.528,0.527,0.527,0.527,0.527,0.527,0.527,0.527,0.527,0.527,0.527,0.527,0.527,0.527,0.527,0.527,0.527,0.527,0.527,0.527,0.526,0.526,0.526,0.526,0.526,0.526,0.526,0.526,0.526,0.526,0.526,0.526,0.526,0.526,0.526,0.526,0.526,0.526,0.526,0.526,0.526,0.526,0.526,0.526,0.526,0.526,0.526,0.526,0.526,0.526,0.527,0.527,0.527,0.527,0.527,0.527,0.527,0.527,0.527,0.527,0.527,0.527,0.527,0.527,0.527,0.527,0.527,0.527,0.527,0.527,0.527,0.527,0.527,0.527,0.527,0.527,0.527,0.527,0.527,0.527,0.527,0.527,0.527,0.527,0.527,0.527,0.527,0.527
0.481,0.481,0.481,0.48,0.48,0.48,0.48,0.48,0.48,0.479,0.479,0.48,0.481,0.481,0.481,0.481,0.481,0.481,0.481,0.481,0.481,0.481,0.481,0.481,0.481,0.481,0.481,0.481,0.481,0.481,0.481,0.481,0.482,0.481,0.481,0.481,0.481,0.481,0.481,0.481,0.481,0.482,0.482,0.482,0.482,0.482,0.482,0.482,0.482,0.482,0.482,0.482,0.482,0.482,0.482,0.482,0.482,0.482,0.482,0.482,0.482,0.482,0.482,0.482,0.482,0.482,0.482,0.482,0.482,0.482,0.482,0.482,0.482,0.482,0.482,0.482,0.482,0.482,0.482,0.482,0.482,0.482,0.482,0.481,0.481,0.481,0.481,0.482,0.482,0.482,0.482,0.482,0.482,0.482,0.482,0.482,0.482,0.482,0.482,0.482
0.453,0.453,0.452,0.452,0.452,0.452,0.452,0.452,0.452,0.452,0.452,0.452,0.452,0.452,0.452,0.452,0.451,0.451,0.451,0.451,0.45,0.45,0.45,0.45,0.45,0.449,0.449,0.45,0.45,0.45,0.449,0.449,0.449,0.449,0.449,0.45,0.45,0.45,0.45,0.45,0.45,0.451,0.451,0.451,0.451,0.451,0.452,0.452,0.452,0.452,0.452,0.452,0.452,0.452,0.452,0.452,0.452,0.452,0.452,0.452,0.452,0.452,0.452,0.452,0.452,0.453,0.453,0.453,0.453,0.453,0.453,0.453,0.453,0.453,0.453,0.453,0.453,0.453,0.453,0.453,0.453,0.453,0.453,0.453,0.453,0.453,0.453,0.453,0.453,0.453,0.453,0.453,0.453,0.453,0.453,0.453,0.453,0.453,0.453,0.453
0.482,0.482,0.482,0.482,0.482,0.482,0.482,0.483,0.483,0.483,0.483,0.483,0.483,0.483,0.483,0.483,0.483,0.483,0.483,0.482,0.482,0.481,0.48,0.48,0.48,0.48,0.48,0.48,0.481,0.481,0.481,0.482,0.482,0.482,0.482,0.482,0.482,0.482,0.482,0.483,0.483,0.483,0.483,0.483,0.483,0.483,0.483,0.483,0.483,0.483,0.483,0.483,0.483,0.483,0.483,0.483,0.483,0.483,0.483,0.483,0.483,0.483,0.483,0.483,0.483,0.483,0.483,0.483,0.483,0.483,0.483,0.483,0.483,0.483,0.483,0.483,0.483,0.483,0.483,0.483,0.483,0.483,0.483,0.484,0.484,0.484,0.484,0.484,0.484,0.484,0.484,0.484,0.484,0.484,0.484,0.484,0.484,0.484,0.484,0.484
0.505,0.505,0.505,0.505,0.505,0.505,0.505,0.505,0.505,0.505,0.505,0.505,0.505,0.504,0.504,0.504,0.504,0.504,0.504,0.504,0.504,0.504,0.504,0.504,0.503,0.502,0.502,0.502,0.502,0.502,0.502,0.502,0.502,0.502,0.502,0.502,0.502,0.502,0.502,0.502,0.502,0.502,0.502,0.502,0.502,0.502,0.502,0.502,0.502,0.502,0.502,0.502,0.502,0.502,0.502,0.502,0.502,0.502,0.502,0.502,0.502,0.502,0.502,0.502,0.502,0.502,0.502,0.502,0.502,0.502,0.502,0.502,0.502,0.502,0.502,0.502,0.502,0.502,0.502,0.502,0.502,0.502,0.502,0.502,0.502,0.502,0.502,0.502,0.502,0.502,0.502,0.502,0.502,0.502,0.502,0.502,0.502,0.502,0.502,0.502
0.46,0.46,0.46,0.46,0.459,0.459,0.459,0.459,0.459,0.458,0.458,0.458,0.458,0.458,0.458,0.458,0.457,0.458,0.458,0.458,0.458,0.458,0.458,0.458,0.458,0.458,0.458,0.458,0.457,0.456,0.456,0.456,0.457,0.457,0.456,0.456,0.456,0.456,0.456,0.456,0.456,0.456,0.456,0.456,0.456,0.456,0.456,0.456,0.456,0.456,0.456,0.456,0.456,0.456,0.456,0.456,0.456,0.456,0.456,0.456,0.456,0.456,0.456,0.456,0.456,0.456,0.456,0.456,0.456,0.456,0.456,0.456,0.456,0.456,0.456,0.456,0.456,0.456,0.456,0.456,0.456,0.456,0.456,0.456,0.456,0.456,0.456,0.456,0.456,0.456,0.456,0.457,0.458,0.458,0.458,0.458,0.458,0.458,0.458,0.458
0.499,0.5,0.5,0.499,0.499,0.498,0.498,0.498,0.498,0.498,0.498,0.498,0.498,0.498,0.498,0.498,0.498,0.498,0.498,0.498,0.498,0.498,0.499,0.499,0.499,0.499,0.499,0.499,0.499,0.499,0.499,0.499,0.499,0.499,0.498,0.498,0.498,0.498,0.498,0.498,0.498,0.498,0.498,0.498,0.497,0.497,0.497,0.497,0.497,0.497,0.497,0.497,0.497,0.497,0.497,0.497,0.497,0.497,0.497,0.497,0.497,0.497,0.497,0.497,0.498,0.498,0.498,0.498,0.498,0.498,0.498,0.498,0.498,0.498,0.498,0.498,0.498,0.498,0.498,0.498,0.498,0.498,0.498,0.498,0.498,0.498,0.498,0.498,0.498,0.498,0.498,0.498,0.498,0.498,0.498,0.498,0.498,0.498,0.498,0.498
0.523,0.524,0.524,0.524,0.524,0.524,0.524,0.524,0.524,0.523,0.523,0.523,0.523,0.523,0.523,0.523,0.523,0.523,0.523,0.524,0.524,0.524,0.524,0.523,0.523,0.523,0.523,0.523,0.523,0.523,0.523,0.523,0.523,0.523,0.523,0.523,0.524,0.524,0.524,0.523,0.523,0.523,0.523,0.523,0.523,0.523,0.523,0.523,0.523,0.523,0.523,0.523,0.523,0.524,0.524,0.524,0.524,0.524,0.524,0.524,0.524,0.524,0.524,0.524,0.524,0.524,0.524,0.524,0.524,0.524,0.524,0.524,0.524,0.524,0.524,0.524,0.524,0.524,0.524,0.524,0.524,0.524,0.524,0.524,0.524,0.524,0.524,0.524,0.524,0.524,0.524,0.524,0.524,0.524,0.524,0.524,0.524,0.524,0.524,0.524
0.482,0.483,0.483,0.483,0.483,0.482,0.482,0.482,0.482,0.482,0.482,0.482,0.482,0.481,0.481,0.48,0.48,0.479,0.479,0.479,0.479,0.479,0.479,0.479,0.479,0.478,0.478,0.478,0.478,0.478,0.477,0.477,0.477,0.477,0.478,0.479,0.479,0.479,0.479,0.479,0.479,0.479,0.479,0.479,0.479,0.479,0.479,0.479,0.479,0.479,0.479,0.479,0.479,0.479,0.479,0.479,0.479,0.479,0.479,0.479,0.479,0.479,0.479,0.479,0.479,0.479,0.479,0.479,0.479,0.479,0.479,0.479,0.479,0.479,0.479,0.479,0.479,0.479,0.479,0.479,0.479,0.478,0.478,0.478,0.478,0.478,0.478,0.478,0.478,0.478,0.478,0.478,0.478,0.478,0.478,0.478,0.478,0.478,0.478,0.478
0.453,0.453,0.452,0.452,0.453,0.453,0.453,0.453,0.453,0.453,0.452,0.453,0.453,0.453,0.453,0.453,0.453,0.453,0.454,0.454,0.454,0.455,0.455,0.455,0.455,0.456,0.455,0.455,0.455,0.455,0.455,0.455,0.455,0.455,0.456,0.456,0.456,0.457,0.457,0.457,0.457,0.457,0.457,0.457,0.457,0.457,0.457,0.457,0.457,0.457,0.457,0.457,0.457,0.457,0.457,0.457,0.457,0.456,0.456,0.456,0.456,0.456,0.456,0.456,0.456,0.456,0.456,0.456,0.456,0.456,0.456,0.456,0.456,0.456,0.456,0.456,0.456,0.456,0.456,0.456,0.456,0.456,0.456,0.456,0.456,0.456,0.457,0.457,0.457,0.457,0.457,0.457,0.457,0.457,0.457,0.457,0.456,0.456,0.456,0.456
0.524,0.524,0.524,0.524,0.524,0.524,0.524,0.524,0.525,0.525,0.525,0.525,0.525,0.526,0.526,0.526,0.526,0.526,0.526,0.526,0.526,0.526,0.526,0.526,0.526,0.526,0.526,0.526,0.526,0.526,0.527,0.527,0.527,0.527,0.527,0.527,0.527,0.527,0.527,0.527,0.527,0.527,0.527,0.528,0.528,0.528,0.528,0.528,0.528,0.528,0.528,0.528,0.528,0.528,0.528,0.528,0.528,0.528,0.528,0.528,0.528,0.528,0.528,0.528,0.528,0.528,0.528,0.528,0.528,0.528,0.528,0.528,0.528,0.528,0.528,0.528,0.528,0.528,0.528,0.528,0.528,0.528,0.528,0.528,0.528,0.528,0.528,0.528,0.528,0.528,0.528,0.528,0.528,0.528,0.528,0.528,0.528,0.528,0.528,0.528
0.464,0.464,0.464,0.465,0.465,0.465,0.465,0.465,0.465,0.465,0.465,0.465,0.465,0.465,0.465,0.465,0.464,0.464,0.465,0.465,0.465,0.465,0.465,0.465,0.466,0.465,0.465,0.465,0.465,0.465,0.465,0.466,0.466,0.466,0.466,0.466,0.466,0.466,0.466,0.466,0.466,0.466,0.466,0.466,0.466,0.466,0.466,0.466,0.466,0.466,0.466,0.466,0.466,0.466,0.466,0.466,0.466,0.466,0.466,0.466,0.466,0.466,0.466,0.466,0.466,0.466,0.466,0.466,0.466,0.466,0.466,0.466,0.466,0.466,0.466,0.466,0.466,0.466,0.466,0.466,0.466,0.466,0.466,0.466,0.465,0.465,0.465,0.465,0.465,0.465,0.465,0.465,0.465,0.465,0.465,0.465,0.465,0.465,0.465,0.465
0.54,0.54,0.54,0.54,0.539,0.538,0.538,0.538,0.538,0.538,0.537,0.536,0.536,0.536,0.536,0.537,0.537,0.536,0.536,0.536,0.536,0.536,0.536,0.536,0.536,0.536,0.536,0.536,0.536,0.537,0.537,0.537,0.538,0.538,0.538,0.539,0.539,0.539,0.539,0.539,0.539,0.54,0.54,0.54,0.54,0.54,0.54,0.54,0.54,0.54,0.54,0.54,0.54,0.54,0.54,0.54,0.54,0.54,0.54,0.54,0.54,0.54,0.54,0.54,0.54,0.54,0.54,0.54,0.54,0.54,0.54,0.54,0.54,0.54,0.54,0.54,0.54,0.54,0.54,0.54,0.54,0.54,0.54,0.54,0.54,0.539,0.539,0.539,0.539,0.539,0.539,0.539,0.539,0.539,0.539,0.539,0.539,0.539,0.539,0.539
0.461,0.462,0.462,0.462,0.462,0.462,0.462,0.462,0.462,0.462,0.462,0.462,0.462,0.462,0.462,0.462,0.462,0.461,0.461,0.461,0.461,0.461,0.462,0.463,0.464,0.464,0.465,0.466,0.466,0.466,0.466,0.466,0.466,0.466,0.466,0.466,0.466,0.466,0.466,0.466,0.466,0.466,0.466,0.466,0.466,0.467,0.467,0.467,0.467,0.467,0.467,0.467,0.467,0.467,0.467,0.467,0.467,0.467,0.467,0.467,0.467,0.467,0.467,0.466,0.466,0.466,0.466,0.466,0.466,0.466,0.466,0.466,0.465,0.465,0.465,0.465,0.465,0.465,0.465,0.465,0.465,0.465,0.465,0.466,0.466,0.466,0.466,0.466,0.466,0.465,0.465,0.465,0.465,0.465,0.465,0.465,0.465,0.465,0.465,0.465
0.471,0.472,0.472,0.471,0.471,0.471,0.472,0.472,0.472,0.473,0.473,0.473,0.473,0.473,0.473,0.474,0.474,0.474,0.473,0.473,0.473,0.473,0.472,0.472,0.472,0.472,0.472,0.472,0.472,0.472,0.472,0.472,0.471,0.471,0.471,0.471,0.471,0.471,0.471,0.471,0.471,0.471,0.471,0.471,0.471,0.471,0.471,0.471,0.471,0.471,0.471,0.471,0.471,0.471,0.471,0.471,0.471,0.471,0.471,0.471,0.471,0.471,0.47,0.47,0.47,0.47,0.47,0.47,0.47,0.47,0.47,0.47,0.47,0.47,0.47,0.47,0.47,0.47,0.47,0.47,0.47,0.47,0.47,0.47,0.47,0.47,0.47,0.47,0.47,0.47,0.47,0.47,0.47,0.47,0.47,0.47,0.47,0.47,0.47,0.47
0.461,0.461,0.462,0.461,0.461,0.462,0.462,0.461,0.462,0.462,0.462,0.462,0.463,0.463,0.463,0.463,0.463,0.463,0.463,0.463,0.464,0.464,0.464,0.464,0.463,0.463,0.462,0.462,0.463,0.463,0.463,0.463,0.463,0.463,0.463,0.463,0.463,0.463,0.463,0.463,0.463,0.463,0.463,0.463,0.462,0.462,0.462,0.462,0.462,0.462,0.462,0.462,0.462,0.462,0.462,0.462,0.462,0.462,0.462,0.462,0.462,0.462,0.462,0.462,0.462,0.462,0.462,0.462,0.462,0.462,0.462,0.462,0.462,0.462,0.462,0.462,0.462,0.462,0.462,0.462,0.462,0.462,0.462,0.462,0.462,0.462,0.462,0.462,0.462,0.462,0.462,0.462,0.462,0.462,0.461,0.461,0.461,0.461,0.461,0.461
0.489,0.489,0.489,0.489,0.489,0.489,0.489,0.489,0.49,0.491,0.491,0.492,0.491,0.491,0.491,0.491,0.491,0.491,0.491,0.491,0.491,0.49,0.49,0.49,0.49,0.49,0.49,0.49,0.49,0.49,0.49,0.489,0.489,0.489,0.488,0.488,0.488,0.488,0.488,0.489,0.489,0.489,0.489,0.489,0.489,0.489,0.489,0.489,0.489,0.489,0.489,0.489,0.489,0.489,0.489,0.489,0.489,0.489,0.489,0.489,0.489,0.489,0.489,0.489,0.489,0.489,0.489,0.489,0.489,0.489,0.489,0.489,0.489,0.489,0.489,0.489,0.489,0.489,0.49,0.49,0.49,0.49,0.49,0.49,0.49,0.49,0.49,0.49,0.49,0.49,0.49,0.49,0.49,0.49,0.49,0.49,0.49,0.49,0.49,0.49
0.494,0.493,0.493,0.493,0.493,0.493,0.493,0.493,0.493,0.493,0.493,0.493,0.493,0.493,0.493,0.493,0.493,0.492,0.492,0.492,0.492,0.492,0.491,0.491,0.491,0.491,0.491,0.491,0.491,0.491,0.49,0.49,0.49,0.49,0.49,0.49,0.49,0.489,0.489,0.489,0.489,0.489,0.489,0.489,0.489,0.489,0.489,0.489,0.489,0.489,0.489,0.489,0.489,0.489,0.489,0.489,0.489,0.489,0.489,0.489,0.489,0.489,0.489,0.489,0.489,0.489,0.489,0.489,0.489,0.489,0.489,0.489,0.489,0.489,0.489,0.489,0.489,0.489,0.489,0.489,0.489,0.489,0.489,0.489,0.489,0.489,0.489,0.489,0.489,0.489,0.489,0.489,0.489,0.489,0.489,0.489,0.489,0.489,0.489,0.489
0.494,0.494,0.495,0.494,0.495,0.495,0.495,0.496,0.496,0.496,0.496,0.497,0.496,0.495,0.495,0.495,0.494,0.495,0.495,0.495,0.495,0.495,0.495,0.495,0.495,0.495,0.495,0.495,0.495,0.495,0.494,0.494,0.494,0.495,0.495,0.494,0.494,0.494,0.494,0.494,0.495,0.495,0.495,0.495,0.495,0.495,0.495,0.495,0.495,0.495,0.495,0.495,0.495,0.495,0.495,0.495,0.495,0.495,0.495,0.495,0.495,0.495,0.495,0.495,0.495,0.495,0.495,0.495,0.495,0.495,0.495,0.495,0.495,0.495,0.495,0.495,0.495,0.495,0.495,0.495,0.495,0.495,0.495,0.495,0.495,0.495,0.495,0.495,0.495,0.495,0.495,0.495,0.495,0.495,0.495,0.495,0.495,0.495,0.495,0.495
0.486,0.486,0.487,0.487,0.487,0.487,0.487,0.487,0.487,0.488,0.488,0.488,0.488,0.488,0.488,0.488,0.487,0.487,0.487,0.487,0.487,0.487,0.487,0.487,0.487,0.487,0.487,0.487,0.487,0.487,0.487,0.487,0.487,0.487,0.486,0.487,0.487,0.488,0.488,0.488,0.488,0.488,0.488,0.488,0.488,0.488,0.488,0.488,0.488,0.488,0.488,0.489,0.489,0.489,0.489,0.489,0.489,0.489,0.489,0.489,0.489,0.489,0.489,0.489,0.489,0.489,0.489,0.489,0.489,0.489,0.489,0.489,0.489,0.489,0.489,0.489,0.488,0.488,0.488,0.488,0.488,0.488,0.488,0.488,0.488,0.488,0.488,0.488,0.488,0.488,0.488,0.488,0.489,0.489,0.489,0.489,0.489,0.49,0.49,0.49
0.489,0.489,0.489,0.489,0.49,0.49,0.49,0.49,0.49,0.49,0.49,0.49,0.49,0.49,0.49,0.49,0.49,0.491,0.491,0.491,0.491,0.491,0.491,0.491,0.491,0.49,0.49,0.49,0.49,0.49,0.49,0.49,0.49,0.49,0.49,0.49,0.489,0.489,0.488,0.488,0.489,0.489,0.489,0.49,0.49,0.49,0.49,0.49,0.49,0.49,0.49,0.49,0.49,0.49,0.49,0.49,0.49,0.49,0.49,0.49,0.49,0.49,0.49,0.49,0.49,0.49,0.49,0.49,0.49,0.49,0.49,0.49,0.49,0.49,0.49,0.49,0.49,0.49,0.49,0.489,0.489,0.489,0.489,0.489,0.489,0.489,0.489,0.489,0.489,0.489,0.489,0.488,0.488,0.488,0.488,0.488,0.488,0.488,0.488,0.488
0.517,0.516,0.516,0.516,0.516,0.516,0.515,0.515,0.515,0.516,0.515,0.515,0.516,0.516,0.516,0.516,0.515,0.515,0.515,0.515,0.515,0.515,0.515,0.515,0.515,0.515,0.516,0.516,0.516,0.516,0.516,0.515,0.515,0.515,0.516,0.516,0.516,0.516,0.516,0.516,0.516,0.516,0.516,0.516,0.516,0.516,0.516,0.516,0.516,0.516,0.516,0.516,0.516,0.516,0.516,0.516,0.516,0.516,0.516,0.516,0.516,0.516,0.516,0.516,0.516,0.516,0.516,0.516,0.516,0.516,0.516,0.516,0.516,0.516,0.516,0.516,0.516,0.516,0.516,0.516,0.516,0.516,0.516,0.516,0.516,0.516,0.516,0.516,0.516,0.516,0.516,0.516,0.516,0.516,0.516,0.516,0.516,0.516,0.516,0.516
0.524,0.524,0.524,0.525,0.525,0.524,0.524,0.524,0.524,0.524,0.524,0.524,0.524,0.524,0.524,0.525,0.525,0.525,0.525,0.524,0.524,0.524,0.524,0.525,0.525,0.525,0.524,0.524,0.523,0.523,0.523,0.523,0.523,0.523,0.523,0.523,0.523,0.523,0.523,0.523,0.523,0.523,0.522,0.522,0.522,0.522,0.522,0.522,0.522,0.522,0.522,0.522,0.522,0.522,0.522,0.522,0.523,0.523,0.523,0.523,0.523,0.523,0.523,0.523,0.523,0.523,0.523,0.523,0.523,0.523,0.523,0.523,0.523,0.523,0.523,0.523,0.523,0.523,0.523,0.523,0.523,0.523,0.523,0.523,0.523,0.523,0.523,0.523,0.523,0.523,0.523,0.523,0.523,0.523,0.523,0.523,0.523,0.523,0.523,0.523
0.483,0.483,0.483,0.483,0.484,0.484,0.484,0.484,0.484,0.484,0.484,0.484,0.484,0.484,0.484,0.483,0.484,0.484,0.484,0.484,0.484,0.484,0.484,0.484,0.484,0.484,0.484,0.484,0.484,0.484,0.484,0.484,0.484,0.484,0.484,0.484,0.484,0.484,0.484,0.484,0.484,0.484,0.484,0.484,0.484,0.484,0.484,0.484,0.484,0.484,0.484,0.484,0.484,0.484,0.484,0.484,0.484,0.484,0.484,0.484,0.484,0.484,0.484,0.484,0.485,0.485,0.485,0.485,0.485,0.485,0.485,0.485,0.485,0.485,0.485,0.485,0.485,0.485,0.485,0.485,0.485,0.484,0.484,0.484,0.484,0.484,0.484,0.484,0.484,0.484,0.484,0.484,0.484,0.484,0.484,0.484,0.484,0.484,0.484,0.484
0.39,0.39,0.391,0.391,0.392,0.392,0.392,0.392,0.391,0.391,0.39,0.391,0.391,0.391,0.391,0.391,0.39,0.39,0.39,0.39,0.391,0.391,0.391,0.391,0.391,0.391,0.391,0.391,0.391,0.392,0.392,0.392,0.392,0.392,0.392,0.393,0.393,0.393,0.393,0.393,0.393,0.393,0.393,0.393,0.394,0.394,0.394,0.394,0.394,0.394,0.394,0.394,0.394,0.394,0.394,0.394,0.394,0.394,0.394,0.394,0.394,0.394,0.394,0.394,0.394,0.394,0.394,0.394,0.393,0.393,0.393,0.393,0.393,0.393,0.393,0.393,0.393,0.393,0.393,0.393,0.393,0.393,0.393,0.393,0.393,0.393,0.393,0.393,0.393,0.393,0.393,0.393,0.392,0.392,0.392,0.392,0.392,0.393,0.393,0.393
0.492,0.492,0.493,0.493,0.493,0.493,0.493,0.493,0.494,0.494,0.494,0.494,0.494,0.495,0.495,0.495,0.496,0.496,0.496,0.496,0.496,0.496,0.496,0.496,0.496,0.495,0.495,0.495,0.495,0.496,0.496,0.496,0.496,0.497,0.496,0.496,0.497,0.498,0.498,0.498,0.498,0.498,0.498,0.498,0.498,0.498,0.498,0.498,0.498,0.498,0.498,0.498,0.499,0.499,0.499,0.499,0.499,0.499,0.499,0.499,0.499,0.499,0.499,0.499,0.499,0.499,0.499,0.499,0.499,0.499,0.5,0.5,0.5,0.5,0.5,0.5,0.5,0.5,0.5,0.5,0.499,0.499,0.499,0.499,0.499,0.499,0.499,0.499,0.499,0.499,0.499,0.499,0.499,0.499,0.499,0.499,0.499,0.499,0.499,0.499
0.499,0.499,0.499,0.499,0.499,0.499,0.498,0.498,0.498,0.499,0.499,0.5,0.5,0.5,0.5,0.5,0.5,0.5,0.499,0.499,0.499,0.499,0.5,0.5,0.5,0.5,0.5,0.5,0.501,0.501,0.5,0.5,0.5,0.5,0.5,0.499,0.499,0.499,0.499,0.5,0.5,0.5,0.5,0.5,0.5,0.5,0.5,0.5,0.5,0.5,0.5,0.5,0.5,0.5,0.5,0.5,0.5,0.5,0.5,0.5,0.5,0.5,0.5,0.5,0.5,0.5,0.5,0.5,0.5,0.5,0.5,0.5,0.5,0.5,0.5,0.5,0.5,0.5,0.5,0.5,0.5,0.5,0.5,0.5,0.5,0.501,0.501,0.501,0.501,0.501,0.501,0.501,0.501,0.501,0.501,0.501,0.501,0.501,0.501,0.501
0.44,0.439,0.439,0.439,0.439,0.439,0.439,0.439,0.44,0.44,0.441,0.441,0.441,0.441,0.441,0.44,0.44,0.44,0.439,0.439,0.439,0.439,0.44,0.44,0.44,0.44,0.44,0.439,0.439,0.439,0.439,0.439,0.439,0.438,0.438,0.437,0.436,0.436,0.436,0.436,0.435,0.435,0.435,0.435,0.435,0.435,0.434,0.434,0.434,0.434,0.434,0.434,0.434,0.434,0.434,0.434,0.434,0.434,0.434,0.434,0.434,0.434,0.434,0.434,0.434,0.434,0.434,0.434,0.434,0.434,0.434,0.434,0.434,0.434,0.434,0.434,0.434,0.434,0.434,0.434,0.434,0.434,0.433,0.433,0.433,0.434,0.434,0.434,0.434,0.434,0.434,0.434,0.434,0.434,0.434,0.434,0.434,0.434,0.434,0.434
0.465,0.465,0.465,0.465,0.465,0.465,0.466,0.466,0.467,0.467,0.467,0.467,0.467,0.467,0.467,0.467,0.468,0.468,0.468,0.468,0.468,0.468,0.468,0.468,0.468,0.468,0.469,0.469,0.469,0.469,0.47,0.47,0.47,0.471,0.471,0.471,0.471,0.471,0.471,0.471,0.471,0.471,0.471,0.471,0.471,0.471,0.471,0.471,0.471,0.471,0.471,0.471,0.471,0.471,0.471,0.471,0.471,0.471,0.471,0.471,0.471,0.471,0.471,0.471,0.471,0.471,0.471,0.472,0.472,0.472,0.472,0.472,0.472,0.472,0.472,0.472,0.472,0.472,0.472,0.472,0.472,0.472,0.472,0.472,0.472,0.472,0.472,0.472,0.472,0.471,0.471,0.471,0.471,0.471,0.471,0.471,0.471,0.471,0.471,0.471
0.445,0.445,0.445,0.445,0.444,0.444,0.444,0.444,0.444,0.444,0.444,0.444,0.444,0.444,0.444,0.444,0.445,0.445,0.444,0.444,0.444,0.445,0.445,0.445,0.446,0.446,0.446,0.446,0.446,0.446,0.446,0.446,0.446,0.446,0.446,0.446,0.446,0.446,0.446,0.446,0.446,0.445,0.445,0.445,0.445,0.445,0.445,0.445,0.445,0.445,0.445,0.445,0.445,0.445,0.445,0.444,0.444,0.444,0.444,0.444,0.444,0.444,0.444,0.444,0.444,0.444,0.444,0.444,0.444,0.444,0.444,0.444,0.444,0.444,0.444,0.444,0.443,0.443,0.443,0.443,0.443,0.443,0.443,0.443,0.443,0.443,0.443,0.443,0.443,0.443,0.443,0.443,0.443,0.443,0.443,0.443,0.443,0.443,0.443,0.443
0.472,0.472,0.472,0.471,0.471,0.47,0.47,0.47,0.47,0.47,0.47,0.47,0.47,0.47,0.47,0.47,0.47,0.47,0.47,0.47,0.47,0.47,0.47,0.47,0.47,0.47,0.471,0.471,0.471,0.471,0.471,0.471,0.472,0.472,0.472,0.472,0.472,0.472,0.473,0.473,0.472,0.472,0.472,0.472,0.472,0.472,0.472,0.472,0.472,0.472,0.472,0.472,0.472,0.472,0.472,0.472,0.472,0.472,0.472,0.472,0.472,0.472,0.472,0.472,0.472,0.472,0.472,0.472,0.472,0.472,0.472,0.472,0.472,0.472,0.472,0.472,0.472,0.472,0.472,0.472,0.473,0.473,0.472,0.472,0.472,0.472,0.472,0.472,0.472,0.472,0.472,0.472,0.472,0.472,0.472,0.472,0.472,0.472,0.472,0.472
0.428,0.428,0.428,0.427,0.428,0.428,0.428,0.428,0.428,0.428,0.429,0.429,0.428,0.427,0.427,0.428,0.428,0.428,0.428,0.428,0.427,0.427,0.427,0.427,0.427,0.427,0.427,0.427,0.427,0.427,0.427,0.427,0.427,0.427,0.427,0.427,0.427,0.428,0.428,0.427,0.427,0.427,0.427,0.427,0.427,0.427,0.427,0.427,0.427,0.428,0.428,0.428,0.428,0.428,0.428,0.428,0.427,0.427,0.427,0.427,0.427,0.427,0.427,0.427,0.427,0.427,0.427,0.427,0.427,0.427,0.427,0.426,0.426,0.426,0.426,0.426,0.426,0.426,0.426,0.426,0.426,0.426,0.426,0.426,0.426,0.426,0.426,0.426,0.426,0.426,0.426,0.426,0.426,0.426,0.426,0.426,0.426,0.426,0.426,0.426
